<?xml version="1.0" encoding="UTF-8"?>
<MD_Metadata xmlns="http://www.isotc211.org/2005/gmd" xmlns:gco="http://www.isotc211.org/2005/gco" xmlns:gts="http://www.isotc211.org/2005/gts" xmlns:srv="http://www.isotc211.org/2005/srv" xmlns:gml="http://www.opengis.net/gml" xmlns:xlink="http://www.w3.org/1999/xlink" xmlns:xsi="http://www.w3.org/2001/XMLSchema-instance">
  <fileIdentifier>
    <gco:CharacterString>edu.stanford.purl:bb021mm7809</gco:CharacterString>
  </fileIdentifier>
  <language>
    <LanguageCode codeList="http://www.loc.gov/standards/iso639-2/php/code_list.php" codeListValue="eng" codeSpace="ISO639-2">eng</LanguageCode>
  </language>
  <characterSet>
    <MD_CharacterSetCode codeList="http://www.isotc211.org/2005/resources/Codelist/gmxCodelists.xml#MD_CharacterSetCode" codeListValue="utf8" codeSpace="ISOTC211/19115">utf8</MD_CharacterSetCode>
  </characterSet>
  <parentIdentifier>
    <gco:CharacterString>http://purl.stanford.edu/vh286rq6087.mods</gco:CharacterString>
  </parentIdentifier>
  <hierarchyLevel>
    <MD_ScopeCode codeList="http://www.isotc211.org/2005/resources/Codelist/gmxCodelists.xml#MD_ScopeCode" codeListValue="dataset" codeSpace="ISOTC211/19115">dataset</MD_ScopeCode>
  </hierarchyLevel>
  <hierarchyLevelName>
    <gco:CharacterString>dataset</gco:CharacterString>
  </hierarchyLevelName>
  <contact>
    <CI_ResponsibleParty>
      <organisationName>
        <gco:CharacterString>Stanford Geospatial Center</gco:CharacterString>
      </organisationName>
      <contactInfo>
        <CI_Contact>
          <phone>
            <CI_Telephone>
              <voice>
                <gco:CharacterString>650-723-2746</gco:CharacterString>
              </voice>
            </CI_Telephone>
          </phone>
          <address>
            <CI_Address>
              <deliveryPoint>
                <gco:CharacterString>Mitchell Bldg. 2nd floor</gco:CharacterString>
              </deliveryPoint>
              <deliveryPoint>
                <gco:CharacterString>397 Panama Mall</gco:CharacterString>
              </deliveryPoint>
              <city>
                <gco:CharacterString>Stanford</gco:CharacterString>
              </city>
              <administrativeArea>
                <gco:CharacterString>California</gco:CharacterString>
              </administrativeArea>
              <postalCode>
                <gco:CharacterString>94305</gco:CharacterString>
              </postalCode>
              <country>
                <gco:CharacterString>US</gco:CharacterString>
              </country>
              <electronicMailAddress>
                <gco:CharacterString>brannerlibrary@stanford.edu</gco:CharacterString>
              </electronicMailAddress>
            </CI_Address>
          </address>
        </CI_Contact>
      </contactInfo>
      <role>
        <CI_RoleCode codeList="http://www.isotc211.org/2005/resources/Codelist/gmxCodelists.xml#CI_RoleCode" codeListValue="pointOfContact" codeSpace="ISOTC211/19115">pointOfContact</CI_RoleCode>
      </role>
    </CI_ResponsibleParty>
  </contact>
  <dateStamp>
    <gco:Date>2022-11-24</gco:Date>
  </dateStamp>
  <metadataStandardName>
    <gco:CharacterString>ISO 19139 Geographic Information - Metadata - Implementation Specification</gco:CharacterString>
  </metadataStandardName>
  <metadataStandardVersion>
    <gco:CharacterString>2007</gco:CharacterString>
  </metadataStandardVersion>
  <dataSetURI>
    <gco:CharacterString>https://purl.stanford.edu/bb021mm7809</gco:CharacterString>
  </dataSetURI>
  <spatialRepresentationInfo>
    <MD_VectorSpatialRepresentation>
      <topologyLevel>
        <MD_TopologyLevelCode codeList="http://www.isotc211.org/2005/resources/Codelist/gmxCodelists.xml#MD_TopologyLevelCode" codeListValue="geometryOnly" codeSpace="ISOTC211/19115">geometryOnly</MD_TopologyLevelCode>
      </topologyLevel>
      <geometricObjects>
        <MD_GeometricObjects>
          <geometricObjectType>
            <MD_GeometricObjectTypeCode codeList="http://www.isotc211.org/2005/resources/Codelist/gmxCodelists.xml#MD_GeometricObjectTypeCode" codeListValue="composite" codeSpace="ISOTC211/19115">composite</MD_GeometricObjectTypeCode>
          </geometricObjectType>
          <geometricObjectCount>
            <gco:Integer>1230</gco:Integer>
          </geometricObjectCount>
        </MD_GeometricObjects>
      </geometricObjects>
    </MD_VectorSpatialRepresentation>
  </spatialRepresentationInfo>
  <spatialRepresentationInfo>
    <MD_Georectified>
      <numberOfDimensions>
        <gco:Integer>2</gco:Integer>
      </numberOfDimensions>
      <axisDimensionProperties>
        <MD_Dimension>
          <dimensionName>
            <MD_DimensionNameTypeCode codeList="http://www.isotc211.org/2005/resources/Codelist/gmxCodelists.xml#MD_DimensionNameTypeCode" codeListValue="column" codeSpace="ISOTC211/19115">column</MD_DimensionNameTypeCode>
          </dimensionName>
          <dimensionSize>
            <gco:Integer>10503</gco:Integer>
          </dimensionSize>
          <resolution>
            <gco:Measure uom="deg">0.001535</gco:Measure>
          </resolution>
        </MD_Dimension>
      </axisDimensionProperties>
      <axisDimensionProperties>
        <MD_Dimension>
          <dimensionName>
            <MD_DimensionNameTypeCode codeList="http://www.isotc211.org/2005/resources/Codelist/gmxCodelists.xml#MD_DimensionNameTypeCode" codeListValue="row" codeSpace="ISOTC211/19115">row</MD_DimensionNameTypeCode>
          </dimensionName>
          <dimensionSize>
            <gco:Integer>7435</gco:Integer>
          </dimensionSize>
          <resolution>
            <gco:Measure uom="deg">0.001535</gco:Measure>
          </resolution>
        </MD_Dimension>
      </axisDimensionProperties>
      <cellGeometry>
        <MD_CellGeometryCode codeList="http://www.isotc211.org/2005/resources/Codelist/gmxCodelists.xml#MD_CellGeometryCode" codeListValue="area" codeSpace="ISOTC211/19115">area</MD_CellGeometryCode>
      </cellGeometry>
      <transformationParameterAvailability>
        <gco:Boolean>true</gco:Boolean>
      </transformationParameterAvailability>
      <checkPointAvailability>
        <gco:Boolean>false</gco:Boolean>
      </checkPointAvailability>
      <cornerPoints>
        <gml:Point gml:id="idm255">
          <gml:pos>16.117947 59.202212</gml:pos>
        </gml:Point>
      </cornerPoints>
      <cornerPoints>
        <gml:Point gml:id="idm257">
          <gml:pos>16.117947 70.612612</gml:pos>
        </gml:Point>
      </cornerPoints>
      <cornerPoints>
        <gml:Point gml:id="idm259">
          <gml:pos>32.236769 70.612612</gml:pos>
        </gml:Point>
      </cornerPoints>
      <cornerPoints>
        <gml:Point gml:id="idm261">
          <gml:pos>32.236769 59.202212</gml:pos>
        </gml:Point>
      </cornerPoints>
      <centerPoint>
        <gml:Point gml:id="idm263">
          <gml:pos>24.177358 64.907412</gml:pos>
        </gml:Point>
      </centerPoint>
      <pointInPixel>
        <MD_PixelOrientationCode>center</MD_PixelOrientationCode>
      </pointInPixel>
    </MD_Georectified>
  </spatialRepresentationInfo>
  <referenceSystemInfo>
    <MD_ReferenceSystem>
      <referenceSystemIdentifier>
        <RS_Identifier>
          <code>
            <gco:CharacterString>4326</gco:CharacterString>
          </code>
          <codeSpace>
            <gco:CharacterString>EPSG</gco:CharacterString>
          </codeSpace>
          <version>
            <gco:CharacterString>6.14(3.0.1)</gco:CharacterString>
          </version>
        </RS_Identifier>
      </referenceSystemIdentifier>
    </MD_ReferenceSystem>
  </referenceSystemInfo>
  <identificationInfo>
    <MD_DataIdentification>
      <citation>
        <CI_Citation>
          <title>
            <gco:CharacterString>Finland 2G Mobile Coverage Explorer, 2014</gco:CharacterString>
          </title>
          <date>
            <CI_Date>
              <date>
                <gco:Date>201401-01</gco:Date>
              </date>
              <dateType>
                <CI_DateTypeCode codeList="http://www.isotc211.org/2005/resources/Codelist/gmxCodelists.xml#CI_DateTypeCode" codeListValue="publication" codeSpace="ISOTC211/19115">publication</CI_DateTypeCode>
              </dateType>
            </CI_Date>
          </date>
          <identifier>
            <MD_Identifier>
              <code>
                <gco:CharacterString>https://purl.stanford.edu/bb021mm7809</gco:CharacterString>
              </code>
            </MD_Identifier>
          </identifier>
          <citedResponsibleParty>
            <CI_ResponsibleParty>
              <organisationName>
                <gco:CharacterString>Collins Bartholomew Ltd.</gco:CharacterString>
              </organisationName>
              <role>
                <CI_RoleCode codeList="http://www.isotc211.org/2005/resources/Codelist/gmxCodelists.xml#CI_RoleCode" codeListValue="originator" codeSpace="ISOTC211/19115">originator</CI_RoleCode>
              </role>
            </CI_ResponsibleParty>
          </citedResponsibleParty>
          <citedResponsibleParty>
            <CI_ResponsibleParty>
              <organisationName>
                <gco:CharacterString>Collins Bartholomew Ltd.</gco:CharacterString>
              </organisationName>
              <contactInfo>
                <CI_Contact>
                  <address>
                    <CI_Address>
                      <city>
                        <gco:CharacterString>Glasgow</gco:CharacterString>
                      </city>
                      <country>
                        <gco:CharacterString>GB</gco:CharacterString>
                      </country>
                    </CI_Address>
                  </address>
                </CI_Contact>
              </contactInfo>
              <role>
                <CI_RoleCode codeList="http://www.isotc211.org/2005/resources/Codelist/gmxCodelists.xml#CI_RoleCode" codeListValue="publisher" codeSpace="ISOTC211/19115">publisher</CI_RoleCode>
              </role>
            </CI_ResponsibleParty>
          </citedResponsibleParty>
          <presentationForm>
            <CI_PresentationFormCode codeList="http://www.isotc211.org/2005/resources/Codelist/gmxCodelists.xml#CI_PresentationFormCode" codeListValue="mapDigital" codeSpace="ISOTC211/19115">mapDigital</CI_PresentationFormCode>
          </presentationForm>
          <collectiveTitle>
            <gco:CharacterString>Collins Mobile Coverage Explorer</gco:CharacterString>
          </collectiveTitle>
        </CI_Citation>
      </citation>
      <abstract>
        <gco:CharacterString>This raster dataset is a representation of the coverage area for 2G mobile communications networks in Finland. Mobile Coverage is released annually in January each year. This data release is named 2014. Any operator data received up to the end of the year 2013 is included in this release. The data is made available in GeoTIFF 2-BIT raster format with pre-built pyramids using nearest-neighbour resampling - with a nominal resolution of approximately 260 metres on the ground at the equator. Operators are asked to submit strong (indoor) and variable (outdoor) signal strengths: 2G (GSM) Greater than / -92 dBm -92 to -100 dBm, 3G (UMTS) Greater than -92 dBm / -92 to -100 dBm, 4G (LTE) Greater than -105 dBm / -105 to -120 dBm. However, the data received from operators often does not include signal strength information or does not follow the above guidelines. Therefore, whilst the rasters retain the strong and variable distinctions, this inconsistency must be understood by the user.The cell values in the MCE rasters are as follows: 1 - strong signal strength 2 - variable signal strength.</gco:CharacterString>
      </abstract>
      <status>
        <MD_ProgressCode codeList="http://www.isotc211.org/2005/resources/Codelist/gmxCodelists.xml#MD_ProgressCode" codeListValue="completed" codeSpace="ISOTC211/19115">completed</MD_ProgressCode>
      </status>
      <pointOfContact>
        <CI_ResponsibleParty>
          <individualName>
            <gco:CharacterString>John Allen</gco:CharacterString>
          </individualName>
          <contactInfo>
            <CI_Contact>
              <phone>
                <CI_Telephone>
                  <voice>
                    <gco:CharacterString>44 (0)7787 126660</gco:CharacterString>
                  </voice>
                </CI_Telephone>
              </phone>
              <address>
                <CI_Address>
                  <electronicMailAddress>
                    <gco:CharacterString>John.Allen@HarperCollins.co.uk</gco:CharacterString>
                  </electronicMailAddress>
                </CI_Address>
              </address>
            </CI_Contact>
          </contactInfo>
          <role>
            <CI_RoleCode codeList="http://www.isotc211.org/2005/resources/Codelist/gmxCodelists.xml#CI_RoleCode" codeListValue="pointOfContact" codeSpace="ISOTC211/19115">pointOfContact</CI_RoleCode>
          </role>
        </CI_ResponsibleParty>
      </pointOfContact>
      <resourceMaintenance>
        <MD_MaintenanceInformation>
          <maintenanceAndUpdateFrequency>
            <MD_MaintenanceFrequencyCode codeList="http://www.isotc211.org/2005/resources/Codelist/gmxCodelists.xml#MD_MaintenanceFrequencyCode" codeListValue="annually" codeSpace="ISOTC211/19115">annually</MD_MaintenanceFrequencyCode>
          </maintenanceAndUpdateFrequency>
        </MD_MaintenanceInformation>
      </resourceMaintenance>
      <descriptiveKeywords>
        <MD_Keywords>
          <keyword>
            <gco:CharacterString>Finland</gco:CharacterString>
          </keyword>
          <type>
            <MD_KeywordTypeCode codeList="http://www.isotc211.org/2005/resources/Codelist/gmxCodelists.xml#MD_KeywordTypeCode" codeListValue="place" codeSpace="ISOTC211/19115">place</MD_KeywordTypeCode>
          </type>
          <thesaurusName>
            <CI_Citation>
              <title>
                <gco:CharacterString>geonames</gco:CharacterString>
              </title>
              <date>
                <CI_Date>
                  <date>
                    <gco:Date>2012-11-01</gco:Date>
                  </date>
                  <dateType>
                    <CI_DateTypeCode codeList="http://www.isotc211.org/2005/resources/Codelist/gmxCodelists.xml#CI_DateTypeCode" codeListValue="revision" codeSpace="ISOTC211/19115">revision</CI_DateTypeCode>
                  </dateType>
                </CI_Date>
              </date>
              <edition>
                <gco:CharacterString>3.1</gco:CharacterString>
              </edition>
              <identifier>
                <MD_Identifier>
                  <code>
                    <gco:CharacterString>http://www.geonames.org/ontology#</gco:CharacterString>
                  </code>
                </MD_Identifier>
              </identifier>
            </CI_Citation>
          </thesaurusName>
        </MD_Keywords>
      </descriptiveKeywords>
      <descriptiveKeywords>
        <MD_Keywords>
          <keyword>
            <gco:CharacterString>Wireless communication systems</gco:CharacterString>
          </keyword>
          <type>
            <MD_KeywordTypeCode codeList="http://www.isotc211.org/2005/resources/Codelist/gmxCodelists.xml#MD_KeywordTypeCode" codeListValue="theme" codeSpace="ISOTC211/19115">theme</MD_KeywordTypeCode>
          </type>
          <thesaurusName>
            <CI_Citation>
              <title>
                <gco:CharacterString>lcsh</gco:CharacterString>
              </title>
              <date>
                <CI_Date>
                  <date>
                    <gco:Date>2011-04-26</gco:Date>
                  </date>
                  <dateType>
                    <CI_DateTypeCode codeList="http://www.isotc211.org/2005/resources/Codelist/gmxCodelists.xml#CI_DateTypeCode" codeListValue="revision" codeSpace="ISOTC211/19115">revision</CI_DateTypeCode>
                  </dateType>
                </CI_Date>
              </date>
              <identifier>
                <MD_Identifier>
                  <code>
                    <gco:CharacterString>http://id.loc.gov/authorities/subjects.html</gco:CharacterString>
                  </code>
                </MD_Identifier>
              </identifier>
            </CI_Citation>
          </thesaurusName>
        </MD_Keywords>
      </descriptiveKeywords>
      <descriptiveKeywords>
        <MD_Keywords>
          <keyword>
            <gco:CharacterString>Downloadable Data</gco:CharacterString>
          </keyword>
          <thesaurusName uuidref="723f6998-058e-11dc-8314-0800200c9a66"/>
        </MD_Keywords>
      </descriptiveKeywords>
      <resourceConstraints>
        <MD_LegalConstraints>
          <useLimitation>
            <gco:CharacterString>Access is granted to Stanford University affiliates only. Affiliates are limited to current faculty, staff and students. </gco:CharacterString>
          </useLimitation>
          <accessConstraints>
            <MD_RestrictionCode codeList="http://www.isotc211.org/2005/resources/Codelist/gmxCodelists.xml#MD_RestrictionCode" codeListValue="restricted" codeSpace="ISOTC211/19115">restricted</MD_RestrictionCode>
          </accessConstraints>
          <useConstraints>
            <MD_RestrictionCode codeList="http://www.isotc211.org/2005/resources/Codelist/gmxCodelists.xml#MD_RestrictionCode" codeListValue="restricted" codeSpace="ISOTC211/19115">restricted</MD_RestrictionCode>
          </useConstraints>
        </MD_LegalConstraints>
      </resourceConstraints>
      <aggregationInfo>
        <MD_AggregateInformation>
          <aggregateDataSetName>
            <CI_Citation>
              <title>
                <gco:CharacterString>Collins Mobile Coverage Explorer</gco:CharacterString>
              </title>
              <date gco:nilReason="missing"/>
              <identifier>
                <MD_Identifier>
                  <code>
                    <gco:CharacterString>http://purl.stanford.edu/vh286rq6087</gco:CharacterString>
                  </code>
                </MD_Identifier>
              </identifier>
              <presentationForm>
                <CI_PresentationFormCode codeList="http://www.isotc211.org/2005/resources/Codelist/gmxCodelists.xml#CI_PresentationFormCode" codeListValue="mapDigital" codeSpace="ISOTC211/19115">mapDigital</CI_PresentationFormCode>
              </presentationForm>
            </CI_Citation>
          </aggregateDataSetName>
          <associationType>
            <DS_AssociationTypeCode codeList="http://www.isotc211.org/2005/resources/Codelist/gmxCodelists.xml#DS_AssociationTypeCode" codeListValue="largerWorkCitation" codeSpace="ISOTC211/19115">largerWorkCitation</DS_AssociationTypeCode>
          </associationType>
          <initiativeType>
            <DS_InitiativeTypeCode codeList="http://www.isotc211.org/2005/resources/Codelist/gmxCodelists.xml#DS_InitiativeTypeCode" codeListValue="collection" codeSpace="ISOTC211/19115">collection</DS_InitiativeTypeCode>
          </initiativeType>
        </MD_AggregateInformation>
      </aggregationInfo>
      <language>
        <LanguageCode codeList="http://www.loc.gov/standards/iso639-2/php/code_list.php" codeListValue="eng" codeSpace="ISO639-2">eng</LanguageCode>
      </language>
      <characterSet>
        <MD_CharacterSetCode codeList="http://www.isotc211.org/2005/resources/Codelist/gmxCodelists.xml#MD_CharacterSetCode" codeListValue="utf8" codeSpace="ISOTC211/19115">utf8</MD_CharacterSetCode>
      </characterSet>
      <topicCategory>
        <MD_TopicCategoryCode>utilitiesCommunication</MD_TopicCategoryCode>
      </topicCategory>
      <environmentDescription>
        <gco:CharacterString> Version 6.2 (Build 9200) ; Esri ArcGIS 10.8.1.14362</gco:CharacterString>
      </environmentDescription>
      <extent>
        <EX_Extent>
          <description>
            <gco:CharacterString>publication date</gco:CharacterString>
          </description>
          <temporalElement>
            <EX_TemporalExtent>
              <extent>
                <gml:TimeInstant gml:id="idm183">
                  <gml:timePosition>201401-01T00:00:00</gml:timePosition>
                </gml:TimeInstant>
              </extent>
            </EX_TemporalExtent>
          </temporalElement>
        </EX_Extent>
      </extent>
      <extent>
        <EX_Extent>
          <geographicElement>
            <EX_GeographicBoundingBox>
              <extentTypeCode>
                <gco:Boolean>true</gco:Boolean>
              </extentTypeCode>
              <westBoundLongitude>
                <gco:Decimal>16.117947</gco:Decimal>
              </westBoundLongitude>
              <eastBoundLongitude>
                <gco:Decimal>32.236769</gco:Decimal>
              </eastBoundLongitude>
              <southBoundLatitude>
                <gco:Decimal>59.202212</gco:Decimal>
              </southBoundLatitude>
              <northBoundLatitude>
                <gco:Decimal>70.612612</gco:Decimal>
              </northBoundLatitude>
            </EX_GeographicBoundingBox>
          </geographicElement>
        </EX_Extent>
      </extent>
      <supplementalInformation>
        <gco:CharacterString>Operators are asked to submit strong (&gt;= -92dBm) and variable (&gt;= -100dBm and &lt; 92dBm) signal strengths as part of their submissions. The data here includes both types but does not make a distinction between the two.</gco:CharacterString>
      </supplementalInformation>
    </MD_DataIdentification>
  </identificationInfo>
  <contentInfo>
    <MD_ImageDescription>
      <attributeDescription gco:nilReason="missing"/>
      <contentType>
        <MD_CoverageContentTypeCode codeList="http://www.isotc211.org/2005/resources/Codelist/gmxCodelists.xml#MD_CoverageContentTypeCode" codeListValue="thematicClassification" codeSpace="ISOTC211/19115">thematicClassification</MD_CoverageContentTypeCode>
      </contentType>
      <dimension>
        <MD_Band>
          <descriptor>
            <gco:CharacterString>Band_1</gco:CharacterString>
          </descriptor>
          <maxValue>
            <gco:Real>2</gco:Real>
          </maxValue>
          <minValue>
            <gco:Real>1</gco:Real>
          </minValue>
          <units>
            <gml:UnitDefinition gml:id="idm306">
              <gml:identifier codeSpace="GML_UomSymbol">Unified Code of Units of Measure</gml:identifier>
            </gml:UnitDefinition>
          </units>
          <bitsPerValue>
            <gco:Integer>2</gco:Integer>
          </bitsPerValue>
        </MD_Band>
      </dimension>
    </MD_ImageDescription>
  </contentInfo>
  <distributionInfo>
    <MD_Distribution>
      <distributionFormat>
        <MD_Format>
          <name>
            <gco:CharacterString>GeoTIFF</gco:CharacterString>
          </name>
          <version gco:nilReason="missing"/>
        </MD_Format>
      </distributionFormat>
      <distributor>
        <MD_Distributor>
          <distributorContact>
            <CI_ResponsibleParty>
              <organisationName>
                <gco:CharacterString>Stanford Geospatial Center</gco:CharacterString>
              </organisationName>
              <contactInfo>
                <CI_Contact>
                  <phone>
                    <CI_Telephone>
                      <voice>
                        <gco:CharacterString>650-723-2746</gco:CharacterString>
                      </voice>
                    </CI_Telephone>
                  </phone>
                  <address>
                    <CI_Address>
                      <deliveryPoint>
                        <gco:CharacterString>Mitchell Bldg. 2nd floor</gco:CharacterString>
                      </deliveryPoint>
                      <deliveryPoint>
                        <gco:CharacterString>397 Panama Mall</gco:CharacterString>
                      </deliveryPoint>
                      <city>
                        <gco:CharacterString>Stanford</gco:CharacterString>
                      </city>
                      <administrativeArea>
                        <gco:CharacterString>California</gco:CharacterString>
                      </administrativeArea>
                      <postalCode>
                        <gco:CharacterString>94305</gco:CharacterString>
                      </postalCode>
                      <country>
                        <gco:CharacterString>US</gco:CharacterString>
                      </country>
                      <electronicMailAddress>
                        <gco:CharacterString>brannerlibrary@stanford.edu</gco:CharacterString>
                      </electronicMailAddress>
                    </CI_Address>
                  </address>
                </CI_Contact>
              </contactInfo>
              <role>
                <CI_RoleCode codeList="http://www.isotc211.org/2005/resources/Codelist/gmxCodelists.xml#CI_RoleCode" codeListValue="distributor" codeSpace="ISOTC211/19115">distributor</CI_RoleCode>
              </role>
            </CI_ResponsibleParty>
          </distributorContact>
        </MD_Distributor>
      </distributor>
      <transferOptions>
        <MD_DigitalTransferOptions>
          <transferSize>
            <gco:Real>10.046</gco:Real>
          </transferSize>
        </MD_DigitalTransferOptions>
      </transferOptions>
    </MD_Distribution>
  </distributionInfo>
  <dataQualityInfo>
    <DQ_DataQuality>
      <scope>
        <DQ_Scope>
          <level>
            <MD_ScopeCode codeList="http://www.isotc211.org/2005/resources/Codelist/gmxCodelists.xml#MD_ScopeCode" codeListValue="dataset" codeSpace="ISOTC211/19115">dataset</MD_ScopeCode>
          </level>
        </DQ_Scope>
      </scope>
    </DQ_DataQuality>
  </dataQualityInfo>
</MD_Metadata>
