<?xml version="1.0" encoding="UTF-8"?>
<metadata>
  <idinfo>
    <citation>
      <citeinfo>
        <origin/>
        <pubdate>19960101</pubdate>
        <title>Important Farmland, San Luis Obispo County, California, 1996</title>
        <geoform>vector digital data</geoform>
        <pubinfo>
          <pubplace/>
          <publish>California. Farmland Mapping and Monitoring Program</publish>
        </pubinfo>
        <othercit>These data were retrieved from the California Farmland Mapping and Monitoring ftp site &lt;ftp://ftpconsrv.ca.gov/pub/Dlrp/FMMP&gt; on July 13, 2016.</othercit>
        <onlink>http://purl.stanford.edu/bb033gt0615</onlink>
        <lworkcit>
          <citeinfo>
            <origin/>
            <pubdate>19960101</pubdate>
            <title>California Farmland Mapping and Monitoring Program 1996</title>
            <pubinfo>
              <publish>California. Farmland Mapping and Monitoring Program</publish>
            </pubinfo>
          </citeinfo>
        </lworkcit>
      </citeinfo>
    </citation>
    <descript>
      <abstract>This polygon shapefile represents areas of important farmland in San Luis Obispo County, California for 1996. Established in 1982, Government Code Section 65570 mandates FMMP to biennially report on the conversion of farmland and grazing land, and to provide maps and data to local government and the public.</abstract>
      <purpose>The Farmland Mapping and Monitoring Program (FMMP) provides data to decision makers for use in planning for the present and future use of California's agricultural land resources. The data is a current inventory of agricultural resources. This data is for general planning purposes and has a minimum mapping unit of ten acres.</purpose>
    </descript>
    <timeperd>
      <timeinfo>
        <rngdates>
          <begdate>19960101</begdate>
          <enddate>19961231</enddate>
        </rngdates>
      </timeinfo>
      <current>ground condition</current>
    </timeperd>
    <status>
      <progress>Complete</progress>
    </status>
    <spdom>
      <bounding>
        <westbc>-121.346875</westbc>
        <eastbc>-119.465564</eastbc>
        <northbc>35.803031</northbc>
        <southbc>34.890872</southbc>
      </bounding>
    </spdom>
    <keywords>
      <theme>
        <themekt>lcsh</themekt>
        <themekey>Farming</themekey>
        <themekey>Land use</themekey>
        <themekey>Urbanization</themekey>
        <themekey>Agriculture</themekey>
      </theme>
      <theme>
        <themekt>ISO 19115 Topic Categories</themekt>
        <themekey>farming</themekey>
      </theme>
      <place>
        <placekt>geonames</placekt>
        <placekey>San Luis Obispo County (Calif.)</placekey>
      </place>
    </keywords>
    <accconst>No restrictions on access or use. A citation for the Farmland Mapping and Monitoring Program on any map products, graphic media, or data analyses based on the data is appreciated.</accconst>
    <useconst>This data does not reflect general plan or zoning designations, city limit lines, changing economic or market conditions, or other factors which may be taken into consideration when land use policies are determined. This data is not designed to be used for parcel specific planning purposes due to its scale and the size of the minimum mapping unit (10 acres). The Department of Conservation makes no warranties as to the suitability of this data for any particular purpose.</useconst>
    <ptcontac>
      <cntinfo>
        <cntorgp>
          <cntorg>California. Farmland Mapping and Monitoring Program</cntorg>
        </cntorgp>
        <cntaddr>
          <addrtype>unknown</addrtype>
          <city>Sacramento</city>
          <state>California</state>
          <country>US</country>
        </cntaddr>
        <cntemail>fmmp@conservation.ca.gov</cntemail>
      </cntinfo>
    </ptcontac>
    <datacred>California Farmland Mapping and Monitoring Program. (1996). Important Farmland, San Luis Obispo County, California, 1996. California Farmland Mapping and Monitoring Program. Available at: http://purl.stanford.edu/bb033gt0615.</datacred>
    <native>Microsoft Windows 7 Version 6.1 (Build 7601) Service Pack 1; Esri ArcGIS 10.3.1.4959</native>
  </idinfo>
  <spdoinfo>
    <direct>Vector</direct>
    <ptvctinf>
      <sdtsterm>
        <sdtstype>GT-polygon composed of chains</sdtstype>
        <ptvctcnt>2725</ptvctcnt>
      </sdtsterm>
    </ptvctinf>
  </spdoinfo>
  <eainfo>
    <detailed>
      <enttyp>
        <enttypl>sanluisobispo1996</enttypl>
      </enttyp>
      <attr>
        <attrlabl>FID</attrlabl>
        <attrdef>Internal feature number.</attrdef>
        <attrdefs>Esri</attrdefs>
        <attrdomv>
          <udom>Sequential unique whole numbers that are automatically generated.</udom>
        </attrdomv>
      </attr>
      <attr>
        <attrlabl>Shape</attrlabl>
        <attrdef>Feature geometry.</attrdef>
        <attrdefs>Esri</attrdefs>
        <attrdomv>
          <udom>Coordinates defining the features.</udom>
        </attrdomv>
      </attr>
      <attr>
        <attrlabl>polygon_ty</attrlabl>
      </attr>
      <attr>
        <attrlabl>polygon_ac</attrlabl>
      </attr>
      <attr>
        <attrlabl>county_nam</attrlabl>
      </attr>
      <attr>
        <attrlabl>upd_year</attrlabl>
      </attr>
      <attr>
        <attrlabl>Shape_Leng</attrlabl>
      </attr>
      <attr>
        <attrlabl>Shape_Area</attrlabl>
        <attrdef>Area of feature in internal units squared.</attrdef>
        <attrdefs>Esri</attrdefs>
        <attrdomv>
          <udom>Positive real numbers that are automatically generated.</udom>
        </attrdomv>
      </attr>
    </detailed>
  </eainfo>
  <distinfo>
    <distrib>
      <cntinfo>
        <cntorgp>
          <cntorg>Stanford Geospatial Center</cntorg>
        </cntorgp>
        <cntaddr>
          <addrtype>physical</addrtype>
          <address>Branner Earth Sciences Library</address>
          <address>Mitchell Building, 2nd Floor</address>
          <address>397 Panama Mall</address>
          <city>Stanford</city>
          <state>California</state>
          <postal>94305</postal>
        </cntaddr>
        <cntvoice>650-723-2746</cntvoice>
        <cntemail>brannerlibrary@stanford.edu</cntemail>
      </cntinfo>
    </distrib>
    <distliab>This data does not reflect general plan or zoning designations, city limit lines, changing economic or market conditions, or other factors which may be taken into consideration when land use policies are determined. This data is not designed to be used for parcel specific planning purposes due to its scale and the size of the minimum mapping unit (10 acres). The Department of Conservation makes no warranties as to the suitability of this data for any particular purpose.</distliab>
  </distinfo>
  <metainfo>
    <metd>20160929</metd>
    <metc>
      <cntinfo>
        <cntorgp>
          <cntorg>Stanford Geospatial Center</cntorg>
        </cntorgp>
        <cntaddr>
          <addrtype>mailing and physical</addrtype>
          <address>Mitchell Bldg. 2nd floor</address>
          <address>397 Panama Mall</address>
          <city>Stanford</city>
          <state>California</state>
          <postal>94305</postal>
          <country>US</country>
        </cntaddr>
        <cntvoice>650-723-2746</cntvoice>
        <cntemail>brannerlibrary@stanford.edu</cntemail>
      </cntinfo>
    </metc>
    <metstdn>FGDC Content Standard for Digital Geospatial Metadata</metstdn>
    <metstdv>FGDC-STD-001-1998</metstdv>
    <mettc>local time</mettc>
  </metainfo>
</metadata>
